row	occurrence_error	extensionID	eventID	occurrenceID	kingdom	phylum	class	order	family	genus	scientificName	rank	organismQuantity	organismQuantityType	basisOfRecord	identificationReferences	identificationRemarks
29	Potential duplicate record	MGYA00355334	MGYA00355334	MGYA00355334_Bacteria::Actinobacteria	Bacteria	Actinobacteria					Actinobacteria	phylum	208	DNA sequence reads	MaterialSample	https://www.ebi.ac.uk/metagenomics/pipelines/4.1	SSU rRNA annotated using the taxonomic reference database described here: https://www.ebi.ac.uk/metagenomics/pipelines/4.1. This occurrence appeared in following analyses: SSU taxonomy from analyses https://www.ebi.ac.uk/metagenomics/analyses/MGYA00355334
35	Potential duplicate record	MGYA00355334	MGYA00355334	MGYA00355334_Bacteria::Actinobacteria:Actinobacteria	Bacteria	Actinobacteria	Actinobacteria				Actinobacteria	class	406	DNA sequence reads	MaterialSample	https://www.ebi.ac.uk/metagenomics/pipelines/4.1	SSU rRNA annotated using the taxonomic reference database described here: https://www.ebi.ac.uk/metagenomics/pipelines/4.1. This occurrence appeared in following analyses: SSU taxonomy from analyses https://www.ebi.ac.uk/metagenomics/analyses/MGYA00355334
215	Potential duplicate record	MGYA00355334	MGYA00355334	MGYA00355334_Bacteria::Gemmatimonadetes	Bacteria	Gemmatimonadetes					Gemmatimonadetes	phylum	2	DNA sequence reads	MaterialSample	https://www.ebi.ac.uk/metagenomics/pipelines/4.1	SSU rRNA annotated using the taxonomic reference database described here: https://www.ebi.ac.uk/metagenomics/pipelines/4.1. This occurrence appeared in following analyses: SSU taxonomy from analyses https://www.ebi.ac.uk/metagenomics/analyses/MGYA00355334
216	Potential duplicate record	MGYA00355334	MGYA00355334	MGYA00355334_Bacteria::Gemmatimonadetes:Gemmatimonadetes	Bacteria	Gemmatimonadetes	Gemmatimonadetes				Gemmatimonadetes	class	7797	DNA sequence reads	MaterialSample	https://www.ebi.ac.uk/metagenomics/pipelines/4.1	SSU rRNA annotated using the taxonomic reference database described here: https://www.ebi.ac.uk/metagenomics/pipelines/4.1. This occurrence appeared in following analyses: SSU taxonomy from analyses https://www.ebi.ac.uk/metagenomics/analyses/MGYA00355334
577	Potential duplicate record	MGYA00355334	MGYA00355334	MGYA00355334_Chloroplast:::::::uncultured_bacterium							uncultured bacterium	species	37	DNA sequence reads	MaterialSample	https://www.ebi.ac.uk/metagenomics/pipelines/4.1	SSU rRNA annotated using the taxonomic reference database described here: https://www.ebi.ac.uk/metagenomics/pipelines/4.1. This occurrence appeared in following analyses: SSU taxonomy from analyses https://www.ebi.ac.uk/metagenomics/analyses/MGYA00355334
585	Potential duplicate record	MGYA00355334	MGYA00355334	MGYA00355334_Mitochondria:::::::uncultured_bacterium							uncultured bacterium	species	79	DNA sequence reads	MaterialSample	https://www.ebi.ac.uk/metagenomics/pipelines/4.1	SSU rRNA annotated using the taxonomic reference database described here: https://www.ebi.ac.uk/metagenomics/pipelines/4.1. This occurrence appeared in following analyses: SSU taxonomy from analyses https://www.ebi.ac.uk/metagenomics/analyses/MGYA00355334
615	Potential duplicate record	MGYA00355335	MGYA00355335	MGYA00355335_Bacteria::Actinobacteria	Bacteria	Actinobacteria					Actinobacteria	phylum	94	DNA sequence reads	MaterialSample	https://www.ebi.ac.uk/metagenomics/pipelines/4.1	SSU rRNA annotated using the taxonomic reference database described here: https://www.ebi.ac.uk/metagenomics/pipelines/4.1. This occurrence appeared in following analyses: SSU taxonomy from analyses https://www.ebi.ac.uk/metagenomics/analyses/MGYA00355335
618	Potential duplicate record	MGYA00355335	MGYA00355335	MGYA00355335_Bacteria::Actinobacteria:Actinobacteria	Bacteria	Actinobacteria	Actinobacteria				Actinobacteria	class	64	DNA sequence reads	MaterialSample	https://www.ebi.ac.uk/metagenomics/pipelines/4.1	SSU rRNA annotated using the taxonomic reference database described here: https://www.ebi.ac.uk/metagenomics/pipelines/4.1. This occurrence appeared in following analyses: SSU taxonomy from analyses https://www.ebi.ac.uk/metagenomics/analyses/MGYA00355335
772	Potential duplicate record	MGYA00355335	MGYA00355335	MGYA00355335_Bacteria::Elusimicrobia	Bacteria	Elusimicrobia					Elusimicrobia	phylum	4	DNA sequence reads	MaterialSample	https://www.ebi.ac.uk/metagenomics/pipelines/4.1	SSU rRNA annotated using the taxonomic reference database described here: https://www.ebi.ac.uk/metagenomics/pipelines/4.1. This occurrence appeared in following analyses: SSU taxonomy from analyses https://www.ebi.ac.uk/metagenomics/analyses/MGYA00355335
773	Potential duplicate record	MGYA00355335	MGYA00355335	MGYA00355335_Bacteria::Elusimicrobia:Elusimicrobia	Bacteria	Elusimicrobia	Elusimicrobia				Elusimicrobia	class	4	DNA sequence reads	MaterialSample	https://www.ebi.ac.uk/metagenomics/pipelines/4.1	SSU rRNA annotated using the taxonomic reference database described here: https://www.ebi.ac.uk/metagenomics/pipelines/4.1. This occurrence appeared in following analyses: SSU taxonomy from analyses https://www.ebi.ac.uk/metagenomics/analyses/MGYA00355335
826	Potential duplicate record	MGYA00355335	MGYA00355335	MGYA00355335_Bacteria::Nitrospirae:Nitrospira	Bacteria	Nitrospirae	Nitrospira				Nitrospira	class	24	DNA sequence reads	MaterialSample	https://www.ebi.ac.uk/metagenomics/pipelines/4.1	SSU rRNA annotated using the taxonomic reference database described here: https://www.ebi.ac.uk/metagenomics/pipelines/4.1. This occurrence appeared in following analyses: SSU taxonomy from analyses https://www.ebi.ac.uk/metagenomics/analyses/MGYA00355335
827	Potential duplicate record	MGYA00355335	MGYA00355335	MGYA00355335_Bacteria::Nitrospirae:Nitrospira:Nitrospirales:Nitrospiraceae:Nitrospira	Bacteria	Nitrospirae	Nitrospira	Nitrospirales	Nitrospiraceae	Nitrospira	Nitrospira	genus	3	DNA sequence reads	MaterialSample	https://www.ebi.ac.uk/metagenomics/pipelines/4.1	SSU rRNA annotated using the taxonomic reference database described here: https://www.ebi.ac.uk/metagenomics/pipelines/4.1. This occurrence appeared in following analyses: SSU taxonomy from analyses https://www.ebi.ac.uk/metagenomics/analyses/MGYA00355335
1165	Potential duplicate record	MGYA00355335	MGYA00355335	MGYA00355335_Chloroplast:::::::uncultured_bacterium							uncultured bacterium	species	452	DNA sequence reads	MaterialSample	https://www.ebi.ac.uk/metagenomics/pipelines/4.1	SSU rRNA annotated using the taxonomic reference database described here: https://www.ebi.ac.uk/metagenomics/pipelines/4.1. This occurrence appeared in following analyses: SSU taxonomy from analyses https://www.ebi.ac.uk/metagenomics/analyses/MGYA00355335
1173	Potential duplicate record	MGYA00355335	MGYA00355335	MGYA00355335_Mitochondria:::::::uncultured_bacterium							uncultured bacterium	species	254	DNA sequence reads	MaterialSample	https://www.ebi.ac.uk/metagenomics/pipelines/4.1	SSU rRNA annotated using the taxonomic reference database described here: https://www.ebi.ac.uk/metagenomics/pipelines/4.1. This occurrence appeared in following analyses: SSU taxonomy from analyses https://www.ebi.ac.uk/metagenomics/analyses/MGYA00355335
1206	Potential duplicate record	MGYA00355336	MGYA00355336	MGYA00355336_Bacteria::Actinobacteria	Bacteria	Actinobacteria					Actinobacteria	phylum	158	DNA sequence reads	MaterialSample	https://www.ebi.ac.uk/metagenomics/pipelines/4.1	SSU rRNA annotated using the taxonomic reference database described here: https://www.ebi.ac.uk/metagenomics/pipelines/4.1. This occurrence appeared in following analyses: SSU taxonomy from analyses https://www.ebi.ac.uk/metagenomics/analyses/MGYA00355336
1210	Potential duplicate record	MGYA00355336	MGYA00355336	MGYA00355336_Bacteria::Actinobacteria:Actinobacteria	Bacteria	Actinobacteria	Actinobacteria				Actinobacteria	class	209	DNA sequence reads	MaterialSample	https://www.ebi.ac.uk/metagenomics/pipelines/4.1	SSU rRNA annotated using the taxonomic reference database described here: https://www.ebi.ac.uk/metagenomics/pipelines/4.1. This occurrence appeared in following analyses: SSU taxonomy from analyses https://www.ebi.ac.uk/metagenomics/analyses/MGYA00355336
1380	Potential duplicate record	MGYA00355336	MGYA00355336	MGYA00355336_Bacteria::Elusimicrobia	Bacteria	Elusimicrobia					Elusimicrobia	phylum	1	DNA sequence reads	MaterialSample	https://www.ebi.ac.uk/metagenomics/pipelines/4.1	SSU rRNA annotated using the taxonomic reference database described here: https://www.ebi.ac.uk/metagenomics/pipelines/4.1. This occurrence appeared in following analyses: SSU taxonomy from analyses https://www.ebi.ac.uk/metagenomics/analyses/MGYA00355336
1381	Potential duplicate record	MGYA00355336	MGYA00355336	MGYA00355336_Bacteria::Elusimicrobia:Elusimicrobia	Bacteria	Elusimicrobia	Elusimicrobia				Elusimicrobia	class	4	DNA sequence reads	MaterialSample	https://www.ebi.ac.uk/metagenomics/pipelines/4.1	SSU rRNA annotated using the taxonomic reference database described here: https://www.ebi.ac.uk/metagenomics/pipelines/4.1. This occurrence appeared in following analyses: SSU taxonomy from analyses https://www.ebi.ac.uk/metagenomics/analyses/MGYA00355336
1818	Potential duplicate record	MGYA00355336	MGYA00355336	MGYA00355336_Chloroplast:::::::uncultured_bacterium							uncultured bacterium	species	733	DNA sequence reads	MaterialSample	https://www.ebi.ac.uk/metagenomics/pipelines/4.1	SSU rRNA annotated using the taxonomic reference database described here: https://www.ebi.ac.uk/metagenomics/pipelines/4.1. This occurrence appeared in following analyses: SSU taxonomy from analyses https://www.ebi.ac.uk/metagenomics/analyses/MGYA00355336
1827	Potential duplicate record	MGYA00355336	MGYA00355336	MGYA00355336_Mitochondria:::::::uncultured_bacterium							uncultured bacterium	species	160	DNA sequence reads	MaterialSample	https://www.ebi.ac.uk/metagenomics/pipelines/4.1	SSU rRNA annotated using the taxonomic reference database described here: https://www.ebi.ac.uk/metagenomics/pipelines/4.1. This occurrence appeared in following analyses: SSU taxonomy from analyses https://www.ebi.ac.uk/metagenomics/analyses/MGYA00355336
1833	Potential duplicate record	MGYA00355337	MGYA00355337	MGYA00355337_Bacteria::Actinobacteria	Bacteria	Actinobacteria					Actinobacteria	phylum	2	DNA sequence reads	MaterialSample	https://www.ebi.ac.uk/metagenomics/pipelines/4.1	SSU rRNA annotated using the taxonomic reference database described here: https://www.ebi.ac.uk/metagenomics/pipelines/4.1. This occurrence appeared in following analyses: SSU taxonomy from analyses https://www.ebi.ac.uk/metagenomics/analyses/MGYA00355337
1836	Potential duplicate record	MGYA00355337	MGYA00355337	MGYA00355337_Bacteria::Actinobacteria:Actinobacteria	Bacteria	Actinobacteria	Actinobacteria				Actinobacteria	class	1	DNA sequence reads	MaterialSample	https://www.ebi.ac.uk/metagenomics/pipelines/4.1	SSU rRNA annotated using the taxonomic reference database described here: https://www.ebi.ac.uk/metagenomics/pipelines/4.1. This occurrence appeared in following analyses: SSU taxonomy from analyses https://www.ebi.ac.uk/metagenomics/analyses/MGYA00355337
2013	Potential duplicate record	MGYA00355338	MGYA00355338	MGYA00355338_Bacteria::Actinobacteria	Bacteria	Actinobacteria					Actinobacteria	phylum	147	DNA sequence reads	MaterialSample	https://www.ebi.ac.uk/metagenomics/pipelines/4.1	SSU rRNA annotated using the taxonomic reference database described here: https://www.ebi.ac.uk/metagenomics/pipelines/4.1. This occurrence appeared in following analyses: SSU taxonomy from analyses https://www.ebi.ac.uk/metagenomics/analyses/MGYA00355338
2019	Potential duplicate record	MGYA00355338	MGYA00355338	MGYA00355338_Bacteria::Actinobacteria:Actinobacteria	Bacteria	Actinobacteria	Actinobacteria				Actinobacteria	class	45	DNA sequence reads	MaterialSample	https://www.ebi.ac.uk/metagenomics/pipelines/4.1	SSU rRNA annotated using the taxonomic reference database described here: https://www.ebi.ac.uk/metagenomics/pipelines/4.1. This occurrence appeared in following analyses: SSU taxonomy from analyses https://www.ebi.ac.uk/metagenomics/analyses/MGYA00355338
2530	Potential duplicate record	MGYA00355338	MGYA00355338	MGYA00355338_Chloroplast:::::::uncultured_bacterium							uncultured bacterium	species	1875	DNA sequence reads	MaterialSample	https://www.ebi.ac.uk/metagenomics/pipelines/4.1	SSU rRNA annotated using the taxonomic reference database described here: https://www.ebi.ac.uk/metagenomics/pipelines/4.1. This occurrence appeared in following analyses: SSU taxonomy from analyses https://www.ebi.ac.uk/metagenomics/analyses/MGYA00355338
2540	Potential duplicate record	MGYA00355338	MGYA00355338	MGYA00355338_Mitochondria:::::::uncultured_bacterium							uncultured bacterium	species	33	DNA sequence reads	MaterialSample	https://www.ebi.ac.uk/metagenomics/pipelines/4.1	SSU rRNA annotated using the taxonomic reference database described here: https://www.ebi.ac.uk/metagenomics/pipelines/4.1. This occurrence appeared in following analyses: SSU taxonomy from analyses https://www.ebi.ac.uk/metagenomics/analyses/MGYA00355338
2556	Potential duplicate record	MGYA00355339	MGYA00355339	MGYA00355339_Bacteria::Actinobacteria	Bacteria	Actinobacteria					Actinobacteria	phylum	46	DNA sequence reads	MaterialSample	https://www.ebi.ac.uk/metagenomics/pipelines/4.1	SSU rRNA annotated using the taxonomic reference database described here: https://www.ebi.ac.uk/metagenomics/pipelines/4.1. This occurrence appeared in following analyses: SSU taxonomy from analyses https://www.ebi.ac.uk/metagenomics/analyses/MGYA00355339
2560	Potential duplicate record	MGYA00355339	MGYA00355339	MGYA00355339_Bacteria::Actinobacteria:Actinobacteria	Bacteria	Actinobacteria	Actinobacteria				Actinobacteria	class	36	DNA sequence reads	MaterialSample	https://www.ebi.ac.uk/metagenomics/pipelines/4.1	SSU rRNA annotated using the taxonomic reference database described here: https://www.ebi.ac.uk/metagenomics/pipelines/4.1. This occurrence appeared in following analyses: SSU taxonomy from analyses https://www.ebi.ac.uk/metagenomics/analyses/MGYA00355339
2931	Potential duplicate record	MGYA00355339	MGYA00355339	MGYA00355339_Chloroplast:::::::uncultured_bacterium							uncultured bacterium	species	165	DNA sequence reads	MaterialSample	https://www.ebi.ac.uk/metagenomics/pipelines/4.1	SSU rRNA annotated using the taxonomic reference database described here: https://www.ebi.ac.uk/metagenomics/pipelines/4.1. This occurrence appeared in following analyses: SSU taxonomy from analyses https://www.ebi.ac.uk/metagenomics/analyses/MGYA00355339
2938	Potential duplicate record	MGYA00355339	MGYA00355339	MGYA00355339_Mitochondria:::::::uncultured_bacterium							uncultured bacterium	species	10	DNA sequence reads	MaterialSample	https://www.ebi.ac.uk/metagenomics/pipelines/4.1	SSU rRNA annotated using the taxonomic reference database described here: https://www.ebi.ac.uk/metagenomics/pipelines/4.1. This occurrence appeared in following analyses: SSU taxonomy from analyses https://www.ebi.ac.uk/metagenomics/analyses/MGYA00355339
2952	Potential duplicate record	MGYA00355340	MGYA00355340	MGYA00355340_Bacteria::Actinobacteria	Bacteria	Actinobacteria					Actinobacteria	phylum	173	DNA sequence reads	MaterialSample	https://www.ebi.ac.uk/metagenomics/pipelines/4.1	SSU rRNA annotated using the taxonomic reference database described here: https://www.ebi.ac.uk/metagenomics/pipelines/4.1. This occurrence appeared in following analyses: SSU taxonomy from analyses https://www.ebi.ac.uk/metagenomics/analyses/MGYA00355340
2956	Potential duplicate record	MGYA00355340	MGYA00355340	MGYA00355340_Bacteria::Actinobacteria:Actinobacteria	Bacteria	Actinobacteria	Actinobacteria				Actinobacteria	class	316	DNA sequence reads	MaterialSample	https://www.ebi.ac.uk/metagenomics/pipelines/4.1	SSU rRNA annotated using the taxonomic reference database described here: https://www.ebi.ac.uk/metagenomics/pipelines/4.1. This occurrence appeared in following analyses: SSU taxonomy from analyses https://www.ebi.ac.uk/metagenomics/analyses/MGYA00355340
3382	Potential duplicate record	MGYA00355340	MGYA00355340	MGYA00355340_Chloroplast:::::::uncultured_bacterium							uncultured bacterium	species	352	DNA sequence reads	MaterialSample	https://www.ebi.ac.uk/metagenomics/pipelines/4.1	SSU rRNA annotated using the taxonomic reference database described here: https://www.ebi.ac.uk/metagenomics/pipelines/4.1. This occurrence appeared in following analyses: SSU taxonomy from analyses https://www.ebi.ac.uk/metagenomics/analyses/MGYA00355340
3388	Potential duplicate record	MGYA00355340	MGYA00355340	MGYA00355340_Mitochondria:::::::uncultured_bacterium							uncultured bacterium	species	1	DNA sequence reads	MaterialSample	https://www.ebi.ac.uk/metagenomics/pipelines/4.1	SSU rRNA annotated using the taxonomic reference database described here: https://www.ebi.ac.uk/metagenomics/pipelines/4.1. This occurrence appeared in following analyses: SSU taxonomy from analyses https://www.ebi.ac.uk/metagenomics/analyses/MGYA00355340
3422	Potential duplicate record	MGYA00355341	MGYA00355341	MGYA00355341_Bacteria::Actinobacteria	Bacteria	Actinobacteria					Actinobacteria	phylum	644	DNA sequence reads	MaterialSample	https://www.ebi.ac.uk/metagenomics/pipelines/4.1	SSU rRNA annotated using the taxonomic reference database described here: https://www.ebi.ac.uk/metagenomics/pipelines/4.1. This occurrence appeared in following analyses: SSU taxonomy from analyses https://www.ebi.ac.uk/metagenomics/analyses/MGYA00355341
3426	Potential duplicate record	MGYA00355341	MGYA00355341	MGYA00355341_Bacteria::Actinobacteria:Actinobacteria	Bacteria	Actinobacteria	Actinobacteria				Actinobacteria	class	193	DNA sequence reads	MaterialSample	https://www.ebi.ac.uk/metagenomics/pipelines/4.1	SSU rRNA annotated using the taxonomic reference database described here: https://www.ebi.ac.uk/metagenomics/pipelines/4.1. This occurrence appeared in following analyses: SSU taxonomy from analyses https://www.ebi.ac.uk/metagenomics/analyses/MGYA00355341
4162	Potential duplicate record	MGYA00355341	MGYA00355341	MGYA00355341_Chloroplast:::::::uncultured_bacterium							uncultured bacterium	species	14693	DNA sequence reads	MaterialSample	https://www.ebi.ac.uk/metagenomics/pipelines/4.1	SSU rRNA annotated using the taxonomic reference database described here: https://www.ebi.ac.uk/metagenomics/pipelines/4.1. This occurrence appeared in following analyses: SSU taxonomy from analyses https://www.ebi.ac.uk/metagenomics/analyses/MGYA00355341
4178	Potential duplicate record	MGYA00355341	MGYA00355341	MGYA00355341_Mitochondria:::::::uncultured_bacterium							uncultured bacterium	species	101	DNA sequence reads	MaterialSample	https://www.ebi.ac.uk/metagenomics/pipelines/4.1	SSU rRNA annotated using the taxonomic reference database described here: https://www.ebi.ac.uk/metagenomics/pipelines/4.1. This occurrence appeared in following analyses: SSU taxonomy from analyses https://www.ebi.ac.uk/metagenomics/analyses/MGYA00355341
4198	Potential duplicate record	MGYA00355342	MGYA00355342	MGYA00355342_Bacteria::Actinobacteria	Bacteria	Actinobacteria					Actinobacteria	phylum	248	DNA sequence reads	MaterialSample	https://www.ebi.ac.uk/metagenomics/pipelines/4.1	SSU rRNA annotated using the taxonomic reference database described here: https://www.ebi.ac.uk/metagenomics/pipelines/4.1. This occurrence appeared in following analyses: SSU taxonomy from analyses https://www.ebi.ac.uk/metagenomics/analyses/MGYA00355342
4202	Potential duplicate record	MGYA00355342	MGYA00355342	MGYA00355342_Bacteria::Actinobacteria:Actinobacteria	Bacteria	Actinobacteria	Actinobacteria				Actinobacteria	class	49	DNA sequence reads	MaterialSample	https://www.ebi.ac.uk/metagenomics/pipelines/4.1	SSU rRNA annotated using the taxonomic reference database described here: https://www.ebi.ac.uk/metagenomics/pipelines/4.1. This occurrence appeared in following analyses: SSU taxonomy from analyses https://www.ebi.ac.uk/metagenomics/analyses/MGYA00355342
4368	Potential duplicate record	MGYA00355342	MGYA00355342	MGYA00355342_Bacteria::Gemmatimonadetes	Bacteria	Gemmatimonadetes					Gemmatimonadetes	phylum	1	DNA sequence reads	MaterialSample	https://www.ebi.ac.uk/metagenomics/pipelines/4.1	SSU rRNA annotated using the taxonomic reference database described here: https://www.ebi.ac.uk/metagenomics/pipelines/4.1. This occurrence appeared in following analyses: SSU taxonomy from analyses https://www.ebi.ac.uk/metagenomics/analyses/MGYA00355342
4369	Potential duplicate record	MGYA00355342	MGYA00355342	MGYA00355342_Bacteria::Gemmatimonadetes:Gemmatimonadetes	Bacteria	Gemmatimonadetes	Gemmatimonadetes				Gemmatimonadetes	class	526	DNA sequence reads	MaterialSample	https://www.ebi.ac.uk/metagenomics/pipelines/4.1	SSU rRNA annotated using the taxonomic reference database described here: https://www.ebi.ac.uk/metagenomics/pipelines/4.1. This occurrence appeared in following analyses: SSU taxonomy from analyses https://www.ebi.ac.uk/metagenomics/analyses/MGYA00355342
4690	Potential duplicate record	MGYA00355342	MGYA00355342	MGYA00355342_Chloroplast:::::::uncultured_bacterium							uncultured bacterium	species	1643	DNA sequence reads	MaterialSample	https://www.ebi.ac.uk/metagenomics/pipelines/4.1	SSU rRNA annotated using the taxonomic reference database described here: https://www.ebi.ac.uk/metagenomics/pipelines/4.1. This occurrence appeared in following analyses: SSU taxonomy from analyses https://www.ebi.ac.uk/metagenomics/analyses/MGYA00355342
4706	Potential duplicate record	MGYA00355342	MGYA00355342	MGYA00355342_Mitochondria:::::::uncultured_bacterium							uncultured bacterium	species	457	DNA sequence reads	MaterialSample	https://www.ebi.ac.uk/metagenomics/pipelines/4.1	SSU rRNA annotated using the taxonomic reference database described here: https://www.ebi.ac.uk/metagenomics/pipelines/4.1. This occurrence appeared in following analyses: SSU taxonomy from analyses https://www.ebi.ac.uk/metagenomics/analyses/MGYA00355342
4735	Potential duplicate record	MGYA00355343	MGYA00355343	MGYA00355343_Bacteria::Actinobacteria	Bacteria	Actinobacteria					Actinobacteria	phylum	510	DNA sequence reads	MaterialSample	https://www.ebi.ac.uk/metagenomics/pipelines/4.1	SSU rRNA annotated using the taxonomic reference database described here: https://www.ebi.ac.uk/metagenomics/pipelines/4.1. This occurrence appeared in following analyses: SSU taxonomy from analyses https://www.ebi.ac.uk/metagenomics/analyses/MGYA00355343
4739	Potential duplicate record	MGYA00355343	MGYA00355343	MGYA00355343_Bacteria::Actinobacteria:Actinobacteria	Bacteria	Actinobacteria	Actinobacteria				Actinobacteria	class	111	DNA sequence reads	MaterialSample	https://www.ebi.ac.uk/metagenomics/pipelines/4.1	SSU rRNA annotated using the taxonomic reference database described here: https://www.ebi.ac.uk/metagenomics/pipelines/4.1. This occurrence appeared in following analyses: SSU taxonomy from analyses https://www.ebi.ac.uk/metagenomics/analyses/MGYA00355343
4922	Potential duplicate record	MGYA00355343	MGYA00355343	MGYA00355343_Bacteria::Gemmatimonadetes	Bacteria	Gemmatimonadetes					Gemmatimonadetes	phylum	1	DNA sequence reads	MaterialSample	https://www.ebi.ac.uk/metagenomics/pipelines/4.1	SSU rRNA annotated using the taxonomic reference database described here: https://www.ebi.ac.uk/metagenomics/pipelines/4.1. This occurrence appeared in following analyses: SSU taxonomy from analyses https://www.ebi.ac.uk/metagenomics/analyses/MGYA00355343
4923	Potential duplicate record	MGYA00355343	MGYA00355343	MGYA00355343_Bacteria::Gemmatimonadetes:Gemmatimonadetes	Bacteria	Gemmatimonadetes	Gemmatimonadetes				Gemmatimonadetes	class	134	DNA sequence reads	MaterialSample	https://www.ebi.ac.uk/metagenomics/pipelines/4.1	SSU rRNA annotated using the taxonomic reference database described here: https://www.ebi.ac.uk/metagenomics/pipelines/4.1. This occurrence appeared in following analyses: SSU taxonomy from analyses https://www.ebi.ac.uk/metagenomics/analyses/MGYA00355343
5311	Potential duplicate record	MGYA00355343	MGYA00355343	MGYA00355343_Chloroplast:::::::uncultured_bacterium							uncultured bacterium	species	182	DNA sequence reads	MaterialSample	https://www.ebi.ac.uk/metagenomics/pipelines/4.1	SSU rRNA annotated using the taxonomic reference database described here: https://www.ebi.ac.uk/metagenomics/pipelines/4.1. This occurrence appeared in following analyses: SSU taxonomy from analyses https://www.ebi.ac.uk/metagenomics/analyses/MGYA00355343
5326	Potential duplicate record	MGYA00355343	MGYA00355343	MGYA00355343_Mitochondria:::::::uncultured_bacterium							uncultured bacterium	species	139	DNA sequence reads	MaterialSample	https://www.ebi.ac.uk/metagenomics/pipelines/4.1	SSU rRNA annotated using the taxonomic reference database described here: https://www.ebi.ac.uk/metagenomics/pipelines/4.1. This occurrence appeared in following analyses: SSU taxonomy from analyses https://www.ebi.ac.uk/metagenomics/analyses/MGYA00355343
5362	Potential duplicate record	MGYA00355344	MGYA00355344	MGYA00355344_Bacteria::Actinobacteria	Bacteria	Actinobacteria					Actinobacteria	phylum	202	DNA sequence reads	MaterialSample	https://www.ebi.ac.uk/metagenomics/pipelines/4.1	SSU rRNA annotated using the taxonomic reference database described here: https://www.ebi.ac.uk/metagenomics/pipelines/4.1. This occurrence appeared in following analyses: SSU taxonomy from analyses https://www.ebi.ac.uk/metagenomics/analyses/MGYA00355344
5367	Potential duplicate record	MGYA00355344	MGYA00355344	MGYA00355344_Bacteria::Actinobacteria:Actinobacteria	Bacteria	Actinobacteria	Actinobacteria				Actinobacteria	class	85	DNA sequence reads	MaterialSample	https://www.ebi.ac.uk/metagenomics/pipelines/4.1	SSU rRNA annotated using the taxonomic reference database described here: https://www.ebi.ac.uk/metagenomics/pipelines/4.1. This occurrence appeared in following analyses: SSU taxonomy from analyses https://www.ebi.ac.uk/metagenomics/analyses/MGYA00355344
5562	Potential duplicate record	MGYA00355344	MGYA00355344	MGYA00355344_Bacteria::Elusimicrobia	Bacteria	Elusimicrobia					Elusimicrobia	phylum	14	DNA sequence reads	MaterialSample	https://www.ebi.ac.uk/metagenomics/pipelines/4.1	SSU rRNA annotated using the taxonomic reference database described here: https://www.ebi.ac.uk/metagenomics/pipelines/4.1. This occurrence appeared in following analyses: SSU taxonomy from analyses https://www.ebi.ac.uk/metagenomics/analyses/MGYA00355344
5563	Potential duplicate record	MGYA00355344	MGYA00355344	MGYA00355344_Bacteria::Elusimicrobia:Elusimicrobia	Bacteria	Elusimicrobia	Elusimicrobia				Elusimicrobia	class	11	DNA sequence reads	MaterialSample	https://www.ebi.ac.uk/metagenomics/pipelines/4.1	SSU rRNA annotated using the taxonomic reference database described here: https://www.ebi.ac.uk/metagenomics/pipelines/4.1. This occurrence appeared in following analyses: SSU taxonomy from analyses https://www.ebi.ac.uk/metagenomics/analyses/MGYA00355344
6079	Potential duplicate record	MGYA00355344	MGYA00355344	MGYA00355344_Chloroplast:::::::uncultured_bacterium							uncultured bacterium	species	1018	DNA sequence reads	MaterialSample	https://www.ebi.ac.uk/metagenomics/pipelines/4.1	SSU rRNA annotated using the taxonomic reference database described here: https://www.ebi.ac.uk/metagenomics/pipelines/4.1. This occurrence appeared in following analyses: SSU taxonomy from analyses https://www.ebi.ac.uk/metagenomics/analyses/MGYA00355344
6094	Potential duplicate record	MGYA00355344	MGYA00355344	MGYA00355344_Mitochondria:::::::uncultured_bacterium							uncultured bacterium	species	321	DNA sequence reads	MaterialSample	https://www.ebi.ac.uk/metagenomics/pipelines/4.1	SSU rRNA annotated using the taxonomic reference database described here: https://www.ebi.ac.uk/metagenomics/pipelines/4.1. This occurrence appeared in following analyses: SSU taxonomy from analyses https://www.ebi.ac.uk/metagenomics/analyses/MGYA00355344
6135	Potential duplicate record	MGYA00355345	MGYA00355345	MGYA00355345_Bacteria::Actinobacteria	Bacteria	Actinobacteria					Actinobacteria	phylum	90	DNA sequence reads	MaterialSample	https://www.ebi.ac.uk/metagenomics/pipelines/4.1	SSU rRNA annotated using the taxonomic reference database described here: https://www.ebi.ac.uk/metagenomics/pipelines/4.1. This occurrence appeared in following analyses: SSU taxonomy from analyses https://www.ebi.ac.uk/metagenomics/analyses/MGYA00355345
6139	Potential duplicate record	MGYA00355345	MGYA00355345	MGYA00355345_Bacteria::Actinobacteria:Actinobacteria	Bacteria	Actinobacteria	Actinobacteria				Actinobacteria	class	772	DNA sequence reads	MaterialSample	https://www.ebi.ac.uk/metagenomics/pipelines/4.1	SSU rRNA annotated using the taxonomic reference database described here: https://www.ebi.ac.uk/metagenomics/pipelines/4.1. This occurrence appeared in following analyses: SSU taxonomy from analyses https://www.ebi.ac.uk/metagenomics/analyses/MGYA00355345
6342	Potential duplicate record	MGYA00355345	MGYA00355345	MGYA00355345_Bacteria::Elusimicrobia	Bacteria	Elusimicrobia					Elusimicrobia	phylum	1	DNA sequence reads	MaterialSample	https://www.ebi.ac.uk/metagenomics/pipelines/4.1	SSU rRNA annotated using the taxonomic reference database described here: https://www.ebi.ac.uk/metagenomics/pipelines/4.1. This occurrence appeared in following analyses: SSU taxonomy from analyses https://www.ebi.ac.uk/metagenomics/analyses/MGYA00355345
6343	Potential duplicate record	MGYA00355345	MGYA00355345	MGYA00355345_Bacteria::Elusimicrobia:Elusimicrobia	Bacteria	Elusimicrobia	Elusimicrobia				Elusimicrobia	class	25	DNA sequence reads	MaterialSample	https://www.ebi.ac.uk/metagenomics/pipelines/4.1	SSU rRNA annotated using the taxonomic reference database described here: https://www.ebi.ac.uk/metagenomics/pipelines/4.1. This occurrence appeared in following analyses: SSU taxonomy from analyses https://www.ebi.ac.uk/metagenomics/analyses/MGYA00355345
6433	Potential duplicate record	MGYA00355345	MGYA00355345	MGYA00355345_Bacteria::Nitrospirae:Nitrospira	Bacteria	Nitrospirae	Nitrospira				Nitrospira	class	9	DNA sequence reads	MaterialSample	https://www.ebi.ac.uk/metagenomics/pipelines/4.1	SSU rRNA annotated using the taxonomic reference database described here: https://www.ebi.ac.uk/metagenomics/pipelines/4.1. This occurrence appeared in following analyses: SSU taxonomy from analyses https://www.ebi.ac.uk/metagenomics/analyses/MGYA00355345
6434	Potential duplicate record	MGYA00355345	MGYA00355345	MGYA00355345_Bacteria::Nitrospirae:Nitrospira:Nitrospirales:Nitrospiraceae:Nitrospira	Bacteria	Nitrospirae	Nitrospira	Nitrospirales	Nitrospiraceae	Nitrospira	Nitrospira	genus	2	DNA sequence reads	MaterialSample	https://www.ebi.ac.uk/metagenomics/pipelines/4.1	SSU rRNA annotated using the taxonomic reference database described here: https://www.ebi.ac.uk/metagenomics/pipelines/4.1. This occurrence appeared in following analyses: SSU taxonomy from analyses https://www.ebi.ac.uk/metagenomics/analyses/MGYA00355345
6887	Potential duplicate record	MGYA00355345	MGYA00355345	MGYA00355345_Chloroplast:::::::uncultured_bacterium							uncultured bacterium	species	498	DNA sequence reads	MaterialSample	https://www.ebi.ac.uk/metagenomics/pipelines/4.1	SSU rRNA annotated using the taxonomic reference database described here: https://www.ebi.ac.uk/metagenomics/pipelines/4.1. This occurrence appeared in following analyses: SSU taxonomy from analyses https://www.ebi.ac.uk/metagenomics/analyses/MGYA00355345
6904	Potential duplicate record	MGYA00355345	MGYA00355345	MGYA00355345_Mitochondria:::::::uncultured_bacterium							uncultured bacterium	species	226	DNA sequence reads	MaterialSample	https://www.ebi.ac.uk/metagenomics/pipelines/4.1	SSU rRNA annotated using the taxonomic reference database described here: https://www.ebi.ac.uk/metagenomics/pipelines/4.1. This occurrence appeared in following analyses: SSU taxonomy from analyses https://www.ebi.ac.uk/metagenomics/analyses/MGYA00355345
